Name,Code,Barcode Symbology,Brand,Category Code,Unit Code,Sale Unit Code, Purchase Unit Code,Cost,Price,Alert Quantity, Tax Rate Name,Tax Method,Image,Subcategory Code,Product Variants Separated by |,Custom Field 1,Custom Field 2,Custom Field 3,Custom Field 4,Custom Field 5,Custom Field 6, HSN Code, Second Name
"Mini laptop Samsung n150, 250 HD, 1.6 PROCESADOR, 1 GB RAM, CAMARA, WIFI, OTROS",A002,,,C01,U001,U001,U001,1,10500,0,,Inclusivo,no_image.png,,,,,,,,,,
BATERIA RECARGABLE PARA CELL 8000 MAP,A003,,,C01,U001,U001,U001,1,1000,0,,Inclusivo,no_image.png,,,,,,,,,,
"MEMORIA MICRO SD 4GB, KINGSTON",A004,,,C01,U001,U001,U001,1,305,0,,Inclusivo,no_image.png,,,,,,,,,,
MEMORIA MICRO SD 8GB KINGSTON,A005,,,C01,U001,U001,U001,1,425,0,,Inclusivo,no_image.png,,,,,,,,,,
MEMORIA MICRO SD16GB KINGSTON,A006,,,C01,U001,U001,U001,1,750,0,,Inclusivo,no_image.png,,,,,,,,,,
MEMORIA USB DE 8 GB KINGSTON,A007,,,C01,U001,U001,U001,1,425,0,,Inclusivo,no_image.png,,,,,,,,,,
MEMORIA USB DE 16GB,A008,,,C01,U001,U001,U001,1,650,0,,Inclusivo,no_image.png,,,,,,,,,,
MEMORIA MICRO SD 8GB SANDISK,A009,,,C01,U001,U001,U001,1,395,0,,Inclusivo,no_image.png,,,,,,,,,,
"MOUSE USB, MYO 3D OPTICAL",A010,,,C01,U001,U001,U001,1,275,0,,Inclusivo,no_image.png,,,,,,,,,,
"MOUSE USB, MYO WIRED",A011,,,C01,U001,U001,U001,1,160,0,,Inclusivo,no_image.png,,,,,,,,,,
"MOUSE USB, SELECTRO",A012,,,C01,U001,U001,U001,1,200,0,,Inclusivo,no_image.png,,,,,,,,,,
"CARTUCHO 122, NEGRO, HP",A013,,,C01,U001,U001,U001,1,770,0,,Inclusivo,no_image.png,,,,,,,,,,
"CARTUCHO HP, COLOR 122",A014,,,C01,U001,U001,U001,1,820,0,,Inclusivo,no_image.png,,,,,,,,,,
"CARTUCHO 210, NEGRO, CANON",A015,,,C01,U001,U001,U001,1,970,0,,Inclusivo,no_image.png,,,,,,,,,,
"CARGADOR PARA LAPTOP GENERICO, AGILER 70 WHAT",A016,,,C01,U001,U001,U001,1,1250,0,,Inclusivo,no_image.png,,,,,,,,,,
"BOCINA USB, MYO, SPEAKER 2.0",A017,,,C01,U001,U001,U001,1,275,0,,Inclusivo,no_image.png,,,,,,,,,,
"BOCINA USB, DELL",A018,,,C01,U001,U001,U001,1,350,0,,Inclusivo,no_image.png,,,,,,,,,,
"CABLE DE AUDIO, RCA A 3.5, OHP AUDIO",A021,,,C01,U001,U001,U001,1,70,0,,Inclusivo,no_image.png,,,,,,,,,,
"AURICULARES, ARGON, TECH",A022,,,C01,U001,U001,U001,1,260,0,,Inclusivo,no_image.png,,,,,,,,,,
"REGLETA, FORZAR POWERT",A023,,,C01,U001,U001,U001,1,185,0,,Inclusivo,no_image.png,,,,,,,,,,
"AUDIFONOS, XTECH",A024,,,C01,U001,U001,U001,1,185,0,,Inclusivo,no_image.png,,,,,,,,,,
"ADACTADOR DE IDE A SATA, AGILER",A025,,,C01,U001,U001,U001,1,475,0,,Inclusivo,no_image.png,,,,,,,,,,
"ADACTADOR USB A PSD, GENERICO",A026,,,C01,U001,U001,U001,1,250,0,,Inclusivo,no_image.png,,,,,,,,,,
"CABLE DE IMPRESORA, GENERICO",A027,,,C01,U001,U001,U001,1,50,0,,Inclusivo,no_image.png,,,,,,,,,,
"CABLE SATA, WASH",A028,,,C01,U001,U001,U001,1,60,0,,Inclusivo,no_image.png,,,,,,,,,,
"CABLE IDE, GENERICO",A029,,,C01,U001,U001,U001,1,50,0,,Inclusivo,no_image.png,,,,,,,,,,
"CABLE RSA, WASH",A030,,,C01,U001,U001,U001,1,180,0,,Inclusivo,no_image.png,,,,,,,,,,
"CABLE HDMI, GRANDE, GENERICO",A031,,,C01,U001,U001,U001,1,325,0,,Inclusivo,no_image.png,,,,,,,,,,
"EXTENCION USB 10 PIES, AGILER",A032,,,C01,U001,U001,U001,1,150,0,,Inclusivo,no_image.png,,,,,,,,,,
"ADAPTADOR DE IDE A SATA, GENERICO",A033,,,C01,U001,U001,U001,1,65,0,,Inclusivo,no_image.png,,,,,,,,,,
"CABLE DE AUDIO DE 3.5 A 3.5, N. A",A034,,,C01,U001,U001,U001,1,65,0,,Inclusivo,no_image.png,,,,,,,,,,
"ADAPTADOR BGA 2 EN 1, GENERICO",A035,,,C01,U001,U001,U001,1,250,0,,Inclusivo,no_image.png,,,,,,,,,,
"CABLE DVI, GENERICO",A036,,,C01,U001,U001,U001,1,275,0,,Inclusivo,no_image.png,,,,,,,,,,
"CABLE SERIAL, GENERICO",A037,,,C01,U001,U001,U001,1,250,0,,Inclusivo,no_image.png,,,,,,,,,,
"CABLE DE CARGADOR DE 2 LINEAS, XTREME WIH BUZZER",A038,,,C01,U001,U001,U001,1,75,0,,Inclusivo,no_image.png,,,,,,,,,,
"CABLE PARA CARGADOR DELL, WASH",A039,,,C01,U001,U001,U001,1,170,0,,Inclusivo,no_image.png,,,,,,,,,,
"SISTEMA DE TINTA, GENERICO",A040,,,C01,U001,U001,U001,1,900,0,,Inclusivo,no_image.png,,,,,,,,,,
"GOMITAS PARA SISTEMAS DE TINTAS, GENERICO",A041,,,C01,U001,U001,U001,1,15,0,,Inclusivo,no_image.png,,,,,,,,,,
"PALITOS PARA SISTEM,A DE TINTAS, GENERICO",A042,,,C01,U001,U001,U001,1,15,0,,Inclusivo,no_image.png,,,,,,,,,,
"SISTEMA DE TINTA, GENERICO",A043,,,C01,U001,U001,U001,1,550,0,,Inclusivo,no_image.png,,,,,,,,,,
WINDOW DOOR ALARM (ALARMA),A044,,,C01,U001,U001,U001,1,275,0,,Inclusivo,no_image.png,,,,,,,,,,
"IMEXX, LAMPARA USB",A045,,,C01,U001,U001,U001,1,275,0,,Inclusivo,no_image.png,,,,,,,,,,
"WASH, RAQUE",A046,,,C01,U001,U001,U001,1,550,0,,Inclusivo,no_image.png,,,,,,,,,,
"AGILER, COMBERTIDOR DE RED USB",A047,,,C01,U001,U001,U001,1,475,0,,Inclusivo,no_image.png,,,,,,,,,,
"AGILER, COMBERTIDOR DE AUDIO",A048,,,C01,U001,U001,U001,1,380,0,,Inclusivo,no_image.png,,,,,,,,,,
"MICROFONO GENIUS HANDS FREE, DE CUELLO",A049,,,C01,U001,U001,U001,1,250,0,,Inclusivo,no_image.png,,,,,,,,,,
"ARGON TECH, FUENTE DEL CARGADOR",A050,,,C01,U001,U001,U001,1,175,0,,Inclusivo,no_image.png,,,,,,,,,,
"WASH, CAMARA DE PC",A051,,,C01,U001,U001,U001,1,450,0,,Inclusivo,no_image.png,,,,,,,,,,
"CABLE VGA, JINCAIKEXUN",A052,,,C01,U001,U001,U001,1,230,0,,Inclusivo,no_image.png,,,,,,,,,,
"MULTIMETRO, XTREME WITH BUZZER",A053,,,C01,U001,U001,U001,1,250,0,,Inclusivo,no_image.png,,,,,,,,,,
"CAMARA WEB, RIPPA",A054,,,C01,U001,U001,U001,1,530,0,,Inclusivo,no_image.png,,,,,,,,,,
"POWER SUPPLY, MYO, 500W",A055,,,C01,U001,U001,U001,1,660,0,,Inclusivo,no_image.png,,,,,,,,,,
"POWER SUPPLY, INLAND",A056,,,C01,U001,U001,U001,1,650,0,,Inclusivo,no_image.png,,,,,,,,,,
SWISH TP_LINK 5 PORT,A057,,,C01,U001,U001,U001,1,600,0,,Inclusivo,no_image.png,,,,,,,,,,
"CABLE AUDIO KLIP PARA MP3, IPOD 1 ENTRADA 2 SALIDA",A058,,,C01,U001,U001,U001,1,250,0,,Inclusivo,no_image.png,,,,,,,,,,
"POWER ENERGY, PILA RECARGABLE",A059,,,C01,U001,U001,U001,1,150,0,,Inclusivo,no_image.png,,,,,,,,,,
"DANASONY, PILA RECARGABLE",A060,,,C01,U001,U001,U001,1,40,0,,Inclusivo,no_image.png,,,,,,,,,,
"ABANICO, AGILER",A061,,,C01,U001,U001,U001,1,250,0,,Inclusivo,no_image.png,,,,,,,,,,
"DELUA, CAJA DE HERRAMIENTAS",A062,,,C01,U001,U001,U001,1,650,0,,Inclusivo,no_image.png,,,,,,,,,,
ROUTER TP-LINK  WIFI 150 MB,A063,,,C01,U001,U001,U001,1,1200,0,,Inclusivo,no_image.png,,,,,,,,,,
"SISTEMA DE TINTA, GENERICO",A064,,,C01,U001,U001,U001,1,550,0,,Inclusivo,no_image.png,,,,,,,,,,
"UNITEP, SINTA PARA IMPRESORA",A065,,,C01,U001,U001,U001,1,70,0,,Inclusivo,no_image.png,,,,,,,,,,
"SWISH, NEXXT 8 PORT",A066,,,C01,U001,U001,U001,1,650,0,,Inclusivo,no_image.png,,,,,,,,,,
"ADAPTADOR DE RED, UNION DE RED, GENERICO",A067,,,C01,U001,U001,U001,1,125,0,,Inclusivo,no_image.png,,,,,,,,,,
"BULTO DE LAPTOP, GENERICO",A068,,,C01,U001,U001,U001,1,850,0,,Inclusivo,no_image.png,,,,,,,,,,
"COBER DE LAPTOP DE MANO, GENERICO",A069,,,C01,U001,U001,U001,1,550,0,,Inclusivo,no_image.png,,,,,,,,,,
"COBER DE LAPTOP, GENERICO",A070,,,C01,U001,U001,U001,1,440,0,,Inclusivo,no_image.png,,,,,,,,,,
"COBER DE LAPTOP, GENERICO",A071,,,C01,U001,U001,U001,1,340,0,,Inclusivo,no_image.png,,,,,,,,,,
"PILA, MAXELL",A072,,,C01,U001,U001,U001,1,60,0,,Inclusivo,no_image.png,,,,,,,,,,
"PILA, MOTOMA",A073,,,C01,U001,U001,U001,1,60,0,,Inclusivo,no_image.png,,,,,,,,,,
"LAPTOP, HP ELITEBOOK I7",A074,,,C01,U001,U001,U001,1,17500,0,,Inclusivo,no_image.png,,,,,,,,,,
"LAPTOP DELL CORE I5, 300GB,3GB,WIFI,CAM,OTROS",A075,,,C01,U001,U001,U001,1,17400,0,,Inclusivo,no_image.png,,,,,,,,,,
"LAPTOP, FUJITSU",A076,,,C01,U001,U001,U001,1,6500,0,,Inclusivo,no_image.png,,,,,,,,,,
"LAPTOP, ZTE",A077,,,C01,U001,U001,U001,1,5700,0,,Inclusivo,no_image.png,,,,,,,,,,
"MINI LAPTOP SAMSUNG, 250GB, IGB, CAMARA, WI-FI, OTROS",A078,,,C01,U001,U001,U001,1,10500,0,,Inclusivo,no_image.png,,,,,,,,,,
"TARJETA GRAFICA, ATI RADEON 9250, 128 MB",A079,,,C01,U001,U001,U001,1,1000,0,,Inclusivo,no_image.png,,,,,,,,,,
"TARJETA GRAFICA, GEFORCE",A080,,,C01,U001,U001,U001,1,2250,0,,Inclusivo,no_image.png,,,,,,,,,,
"TARJETA DE RED, ENCARED",A081,,,C01,U001,U001,U001,1,370,0,,Inclusivo,no_image.png,,,,,,,,,,
"COMBO TECLADO Y MOUSE  INALAMBRICO, MICROSOFT",A082,,,C01,U001,U001,U001,1,1300,0,,Inclusivo,no_image.png,,,,,,,,,,
"CARTUCHO, NEGRO",A083,,,C01,U001,U001,U001,1,825,0,,Inclusivo,no_image.png,,,,,,,,,,
CARTUCHO A COLOR,A084,,,C01,U001,U001,U001,1,925,0,,Inclusivo,no_image.png,,,,,,,,,,
"CPU HP DC7600, 3.0 GHZ, 4 GB, 80 HD, DVD/CD-RW",A085,,,C01,U001,U001,U001,1,6500,0,,Inclusivo,no_image.png,,,,,,,,,,
MONITOR DELL 15 PULG NEGRO,A086,,,C01,U001,U001,U001,1,2800,0,,Inclusivo,no_image.png,,,,,,,,,,
TECLADO XTECX GENERICO,A087,,,C01,U001,U001,U001,1,250,0,,Inclusivo,no_image.png,,,,,,,,,,
MESA CON TOPE OMEGA,A088,,,C01,U001,U001,U001,1,1200,0,,Inclusivo,no_image.png,,,,,,,,,,
BOCINA MYO SUBWOOFER 2.1,A089,,,C01,U001,U001,U001,1,1250,0,,Inclusivo,no_image.png,,,,,,,,,,
"CPU HP, DUAL CORE 1.8-2.2, MEMORIA 1GB, DISCO DURO 80GB.",A091,,,C01,U001,U001,U001,1,4500,0,,Inclusivo,no_image.png,,,,,,,,,,
"HTC one x, 1.5 ghz, 1 ram, 8 mp",A092,,,C01,U001,U001,U001,1,7000,0,,Inclusivo,no_image.png,,,,,,,,,,
"CPU DELL GX150, P3 1.0GHZ, 20GB, 256RAM, CD-ROM",A093,,,C01,U001,U001,U001,1,1600,0,,Inclusivo,no_image.png,,,,,,,,,,
"CPU HP DC5700, 1.8 DUAL CORE, 1GB, 80HDD, DVDRW",A094,,,C01,U001,U001,U001,1,4200,0,,Inclusivo,no_image.png,,,,,,,,,,
MONITOR DEL 22 PULG.,A096,,,C01,U001,U001,U001,1,4500,0,,Inclusivo,no_image.png,,,,,,,,,,
MONITOR DELL 20 PUL.,A097,,,C01,U001,U001,U001,1,4500,0,,Inclusivo,no_image.png,,,,,,,,,,
MONITOR HP 17 PULG.,A098,,,C01,U001,U001,U001,1,2600,0,,Inclusivo,no_image.png,,,,,,,,,,
MONITOR DELL 15 PULG.,A100,,,C01,U001,U001,U001,1,1300,0,,Inclusivo,no_image.png,,,,,,,,,,
MONITOR STAPLES 17 PULG.,A101,,,C01,U001,U001,U001,1,2700,0,,Inclusivo,no_image.png,,,,,,,,,,
MONITOR MAE 17 PULG.,A102,,,C01,U001,U001,U001,1,2300,0,,Inclusivo,no_image.png,,,,,,,,,,
MONITOR MAE 15 PULG.,A103,,,C01,U001,U001,U001,1,2300,0,,Inclusivo,no_image.png,,,,,,,,,,
MONITOR SAMSUNG 17 PUL.,A104,,,C01,U001,U001,U001,1,2900,0,,Inclusivo,no_image.png,,,,,,,,,,
MONITOR HP 17 PULG.,A105,,,C01,U001,U001,U001,1,2600,0,,Inclusivo,no_image.png,,,,,,,,,,
MONITOR GATEWAY,A106,,,C01,U001,U001,U001,1,2000,0,,Inclusivo,no_image.png,,,,,,,,,,
"CPU DELL GX260, P 4, 2.6, 40GB, 512RAM, DVD/CDRW",A107,,,C01,U001,U001,U001,1,3000,0,,Inclusivo,no_image.png,,,,,,,,,,
"CPU DELL GX250, P4, 2.2, 40HDD, 512RAM, CD-ROM",A108,,,C01,U001,U001,U001,1,2700,0,,Inclusivo,no_image.png,,,,,,,,,,
"CPU DELL MINI DESTOPGX260, P4 1.8, 40HDD, 512RAM",A109,,,C01,U001,U001,U001,1,2400,0,,Inclusivo,no_image.png,,,,,,,,,,
"CPU DELL GX240, P4 2.0, 80HDD, 1RAM, CDRW",A110,,,C01,U001,U001,U001,1,2600,0,,Inclusivo,no_image.png,,,,,,,,,,
"CPU DELL DIMENSION 4550, P4 2.6, 40HDD, 512RAM",A111,,,C01,U001,U001,U001,1,3000,0,,Inclusivo,no_image.png,,,,,,,,,,
"CPU DELL DIMENSION 2400, P4 2.8 40HDD, 512RAM",A112,,,C01,U001,U001,U001,1,3500,0,,Inclusivo,no_image.png,,,,,,,,,,
"CPU DELL OPTIPLEX GX780L, 160 HDD, 2 GB RAM, CDROM",A113,,,C01,U001,U001,U001,1,4500,0,,Inclusivo,no_image.png,,,,,,,,,,
"CPU DELL GX150, P3 1.2, 20HDD, 512RAM, CDROM",A114,,,C01,U001,U001,U001,1,2000,0,,Inclusivo,no_image.png,,,,,,,,,,
"CPU DELL GX260/240, P4 1.8, 40HDD, 512RAM, DVD",A115,,,C01,U001,U001,U001,1,2500,0,,Inclusivo,no_image.png,,,,,,,,,,
"CPU EMACHINE AMD 1.8, 40HD, 512RAM, DVDRW",A116,,,C01,U001,U001,U001,1,2500,0,,Inclusivo,no_image.png,,,,,,,,,,
"CPU GATEWAY GT4016, AMD 2.2, 40HD, 512RAM",A117,,,C01,U001,U001,U001,1,2900,0,,Inclusivo,no_image.png,,,,,,,,,,
"CPU CLON GIVOX, 2.0 DUAL CORE, 320HDD, 1GB DDR2, DVDRW",A118,,,C01,U001,U001,U001,1,5500,0,,Inclusivo,no_image.png,,,,,,,,,,
"CPU CLON P4 2.6, 40HDD, 2.5 RAM, DVD",A119,,,C01,U001,U001,U001,1,5000,0,,Inclusivo,no_image.png,,,,,,,,,,
"CPU HP PAVILION 533W, P3 1.0, 20HDD, 256RAM, CDROM",A120,,,C01,U001,U001,U001,1,1500,0,,Inclusivo,no_image.png,,,,,,,,,,
"CPU E-BYTE CLON, INTEL 3.0, 40HDD, 1GB RAM, DVDRW",A121,,,C01,U001,U001,U001,1,4100,0,,Inclusivo,no_image.png,,,,,,,,,,
"TECLADO MYO, USB",A122,,,C01,U001,U001,U001,1,270,0,,Inclusivo,no_image.png,,,,,,,,,,
SERVICIO A DOMICILIO CENTRO CIUDAD,A123,,,C01,U001,U001,U001,1,300,0,,Inclusivo,no_image.png,,,,,,,,,,
RELLENADO DE CARTUCHO NEGRO,A124,,,C01,U001,U001,U001,1,200,0,,Inclusivo,no_image.png,,,,,,,,,,
RELLENADO DE CARTUCHO A COLOR,A125,,,C01,U001,U001,U001,1,200,0,,Inclusivo,no_image.png,,,,,,,,,,
CHEQUEO DE INTERNET CON SOLUSION,A126,,,C01,U001,U001,U001,1,400,0,,Inclusivo,no_image.png,,,,,,,,,,
"DISCO DURO 80GB, HITACHI",A127,,,C01,U001,U001,U001,1,1000,0,,Inclusivo,no_image.png,,,,,,,,,,
"DISCO DURO 160GB, HITACHI",A128,,,C01,U001,U001,U001,1,1500,0,,Inclusivo,no_image.png,,,,,,,,,,
"DISCO DURO 500GB, SEAGASTE",A129,,,C01,U001,U001,U001,1,3000,0,,Inclusivo,no_image.png,,,,,,,,,,
"DISCO DURO 160GB, SAMSUNG",A130,,,C01,U001,U001,U001,1,1500,0,,Inclusivo,no_image.png,,,,,,,,,,
"DISCO DURO 120GB, SAMSUNG",A131,,,C01,U001,U001,U001,1,1300,0,,Inclusivo,no_image.png,,,,,,,,,,
"DISCO DURO 250GB, SAMSUNG",A132,,,C01,U001,U001,U001,1,2200,0,,Inclusivo,no_image.png,,,,,,,,,,
"DISCO DURO 160GB,TOSHIBA",A133,,,C01,U001,U001,U001,1,1500,0,,Inclusivo,no_image.png,,,,,,,,,,
"DISCO DURO 250GB, SATA, SEAGASTE, PARA PC",A134,,,C01,U001,U001,U001,1,2000,0,,Inclusivo,no_image.png,,,,,,,,,,
"DISCO DURO 80GB, IDE,  PARA LAPTOP",A135,,,C01,U001,U001,U001,1,1200,0,,Inclusivo,no_image.png,,,,,,,,,,
"DISCO DURO 160GB, IDE, WD, PARA PC",A136,,,C01,U001,U001,U001,1,1300,0,,Inclusivo,no_image.png,,,,,,,,,,
"DISCO DURO 400GB, IDE, WD, PARA PC",A137,,,C01,U001,U001,U001,1,600,0,,Inclusivo,no_image.png,,,,,,,,,,
"DISCO DURO 80GB, SATA, SEAGASTE, PARA PC",A138,,,C01,U001,U001,U001,1,1000,0,,Inclusivo,no_image.png,,,,,,,,,,
"TARJETA DE SONIDO Y MICROFONO USB, BLANCO",A139,,,C01,U001,U001,U001,1,350,0,,Inclusivo,no_image.png,,,,,,,,,,
"TARJETA DE SONIDO USB, PARA LAPTOP GENERICA",A140,,,C01,U001,U001,U001,1,250,0,,Inclusivo,no_image.png,,,,,,,,,,
CABLE USB PARA IPHONE 4,A141,,,C01,U001,U001,U001,1,175,0,,Inclusivo,no_image.png,,,,,,,,,,
USB PARA CELL 3 EN 1,A142,,,C01,U001,U001,U001,1,150,0,,Inclusivo,no_image.png,,,,,,,,,,
FUENTE PARA CARGADORES DE CELL,A143,,,C01,U001,U001,U001,1,125,0,,Inclusivo,no_image.png,,,,,,,,,,
RAQUE USB 2.0/CAJA SATA USB PARA LAPTOP,A144,,,C01,U001,U001,U001,1,400,0,,Inclusivo,no_image.png,,,,,,,,,,
ABANICO DE ENFRIAMIENTOPARA LAPTOP,A145,code25,,C01,U001,U001,U001,1,300,0,,Inclusivo,no_image.png,,,,,,,,,,
CABLE USB PARA CELL SAMSUNG,A146,,,C01,U001,U001,U001,1,200,0,,Inclusivo,no_image.png,,,,,,,,,,
FUENTE DE CELL PARA CARRO,A147,,,C01,U001,U001,U001,1,150,0,,Inclusivo,no_image.png,,,,,,,,,,
CARD READER 4 EN 1 USB 2.0 BLANCOI,A148,,,C01,U001,U001,U001,1,150,0,,Inclusivo,no_image.png,,,,,,,,,,
TARJETA DE TELEVISION PARA LAPTOP,A149,,,C01,U001,U001,U001,1,300,0,,Inclusivo,no_image.png,,,,,,,,,,
MINI USB WI-FI,A150,,,C01,U001,U001,U001,1,150,0,,Inclusivo,no_image.png,,,,,,,,,,
DVD ROM/RW USB 2.0,A151,,,C01,U001,U001,U001,1,1000,0,,Inclusivo,no_image.png,,,,,,,,,,
"LECTORES MICRO SD, HP",A152,,,C01,U001,U001,U001,1,125,0,,Inclusivo,no_image.png,,,,,,,,,,
"MICRO SD, HD, MINI CARD READER",A153,,,C01,U001,U001,U001,1,250,0,,Inclusivo,no_image.png,,,,,,,,,,
"MINI SD SANDISK, 256MB",A154,,,C01,U001,U001,U001,1,125,0,,Inclusivo,no_image.png,,,,,,,,,,
"ADAPTADORES DE DISCO DURO, IDE, DE LAPTOP",A155,,,C01,U001,U001,U001,1,250,0,,Inclusivo,no_image.png,,,,,,,,,,
"EXTENCION USB, 1 PIE",A156,,,C01,U001,U001,U001,1,70,0,,Inclusivo,no_image.png,,,,,,,,,,
CARTUCHO HP 56,A157,,,C01,U001,U001,U001,1,600,0,,Inclusivo,no_image.png,,,,,,,,,,
UNION DE CABLE DE RED,A158,,,C01,U001,U001,U001,1,100,0,,Inclusivo,no_image.png,,,,,,,,,,
MICRO SD 8GB,A159,,,C01,U001,U001,U001,1,350,0,,Inclusivo,no_image.png,,,,,,,,,,
MEMORIA STICH SANDISK 512MB,A160,,,C01,U001,U001,U001,1,150,0,,Inclusivo,no_image.png,,,,,,,,,,
LECTOR DE MEMORIA MINI CARD USB,A161,,,C01,U001,U001,U001,1,150,0,,Inclusivo,no_image.png,,,,,,,,,,
ADAPTADORES VGA PARA MACBOOK,A162,,,C01,U001,U001,U001,1,170,0,,Inclusivo,no_image.png,,,,,,,,,,
"TARJETA DE SONIDO USB, BLANCA",A163,,,C01,U001,U001,U001,1,375,0,,Inclusivo,no_image.png,,,,,,,,,,
MOUSE INALAMBRICO GENERICO,A164,,,C01,U001,U001,U001,1,400,0,,Inclusivo,no_image.png,,,,,,,,,,
MOUSE MINI USB,A166,,,C01,U001,U001,U001,1,250,0,,Inclusivo,no_image.png,,,,,,,,,,
DUPLICADOR DE INTERNET DE 1 TO 2,A167,,,C01,U001,U001,U001,1,150,0,,Inclusivo,no_image.png,,,,,,,,,,
DISCO DURO EXTERNO 1 TERA BYTE,A168,,,C01,U001,U001,U001,1,4500,0,,Inclusivo,no_image.png,,,,,,,,,,
DISCO DURO EXTERNO 1.5 TERA BYTE,A169,,,C01,U001,U001,U001,1,5500,0,,Inclusivo,no_image.png,,,,,,,,,,
TARJETA DE RED USB,A170,,,C01,U001,U001,U001,1,400,0,,Inclusivo,no_image.png,,,,,,,,,,
CONVERTIDOR DE IDE A SATA PARA PC,A171,,,C01,U001,U001,U001,1,350,0,,Inclusivo,no_image.png,,,,,,,,,,
OJO DE PSP,A172,,,C01,U001,U001,U001,1,800,0,,Inclusivo,no_image.png,,,,,,,,,,
BATERIA DELL EXTENDIDA PARA D630-620 DE 85W20001800,A173,,,C01,U001,U001,U001,1,2000,0,,Inclusivo,no_image.png,,,,,,,,,,
CONECTOR RJ45,A174,,,C01,U001,U001,U001,1,10,0,,Inclusivo,no_image.png,,,,,,,,,,
"ROUTER DE CLARO, THOMSON",A175,,,C01,U001,U001,U001,1,2700,0,,Inclusivo,no_image.png,,,,,,,,,,
"BATERIA HP, M06 PARA DVD",A176,,,C01,U001,U001,U001,1,2000,0,,Inclusivo,no_image.png,,,,,,,,,,
"TARJETA DE VIDEO PCI SPRESS, DDR3, 1GB",A177,,,C01,U001,U001,U001,1,2000,0,,Inclusivo,no_image.png,,,,,,,,,,
TECLADO PARA MINI DELL 10-12,A178,,,C01,U001,U001,U001,1,1000,0,,Inclusivo,no_image.png,,,,,,,,,,
TECLADO DELL VOSTO,A179,,,C01,U001,U001,U001,1,1000,0,,Inclusivo,no_image.png,,,,,,,,,,
"TECLADO DELL IMSPIRE, 15-25",A180,,,C01,U001,U001,U001,1,1000,0,,Inclusivo,no_image.png,,,,,,,,,,
DVD ROM PARA MINI LAPTOP,A181,,,C01,U001,U001,U001,1,1200,0,,Inclusivo,no_image.png,,,,,,,,,,
"TECLADO HP, G60",A182,,,C01,U001,U001,U001,1,1000,0,,Inclusivo,no_image.png,,,,,,,,,,
"TABLE ZTE 16GB, 1GB  DE RAM FUENTE Y CABLE USB, CAMARA ALANTE Y ATRAS",A183,,,C01,U001,U001,U001,1,5000,0,,Inclusivo,no_image.png,,,,,,,,,,
"IPHONE 4, CLASE A, 8GB",A184,,,C01,U001,U001,U001,1,7500,0,,Inclusivo,no_image.png,,,,,,,,,,
"CAMARA OLIMPUS, 7.1, FE 203",A185,,,C01,U001,U001,U001,1,2500,0,,Inclusivo,no_image.png,,,,,,,,,,
RAQUE IDE PARA LAPTOP,A186,,,C01,U001,U001,U001,1,450,0,,Inclusivo,no_image.png,,,,,,,,,,
CARGADOR DELL DE 3 ORIGINAL A.,A187,,,C01,U001,U001,U001,1,1000,0,,Inclusivo,no_image.png,,,,,,,,,,
"CARGADOR DELL MODERNO 65W, 19.5V, 3.34A",A188,,,C01,U001,U001,U001,1,1200,0,,Inclusivo,no_image.png,,,,,,,,,,
"CARGADOR DELL, ORIGINAL NORMAL 19.5V, 3.34A - 4.6A",A189,,,C01,U001,U001,U001,1,1250,0,,Inclusivo,no_image.png,,,,,,,,,,
"CARGADOR DELL ORIGINAL, REFUBICHE USADO",A190,,,C01,U001,U001,U001,1,900,0,,Inclusivo,no_image.png,,,,,,,,,,
"CARGADOR HP-DELL, GENERICO PUNTA ANCHA",A191,,,C01,U001,U001,U001,1,800,0,,Inclusivo,no_image.png,,,,,,,,,,
"CARGADOR HP, PUNTA ANCHA",A192,,,C01,U001,U001,U001,1,1200,0,,Inclusivo,no_image.png,,,,,,,,,,
"CARGADOR HP, GENERICO, PUNTA ANCHA",A193,,,C01,U001,U001,U001,1,1200,0,,Inclusivo,no_image.png,,,,,,,,,,
CARGADOR HP COMPAG,A194,,,C01,U001,U001,U001,1,850,0,,Inclusivo,no_image.png,,,,,,,,,,
"CARGADOR HP, PUNTA FINA",A195,,,C01,U001,U001,U001,1,1200,0,,Inclusivo,no_image.png,,,,,,,,,,
CARGADOR PUNTA AMARILLA,A196,,,C01,U001,U001,U001,1,1200,0,,Inclusivo,no_image.png,,,,,,,,,,
CARGADOR MINI HP,A197,,,C01,U001,U001,U001,1,900,0,,Inclusivo,no_image.png,,,,,,,,,,
"CARGADOR IBM, PUNTA ANCHA",A198,,,C01,U001,U001,U001,1,1000,0,,Inclusivo,no_image.png,,,,,,,,,,
"CARGADOR IBM, PUNTA ANCHA GENERICO",A199,,,C01,U001,U001,U001,1,800,0,,Inclusivo,no_image.png,,,,,,,,,,
"CARGADOR IBM, PUNTA AMARILLA",A200,,,C01,U001,U001,U001,1,1000,0,,Inclusivo,no_image.png,,,,,,,,,,
"DISCO DURO, 1 TERA, SATA, WD",A201,,,C01,U001,U001,U001,1,4000,0,,Inclusivo,no_image.png,,,,,,,,,,
MOUSE GENIUS USB OPTICAL  WHEEL,A202,,,C01,U001,U001,U001,1,275,0,,Inclusivo,no_image.png,,,,,,,,,,
BOCINA KLIP USB STEREOSPEKERS,A203,,,C01,U001,U001,U001,1,600,0,,Inclusivo,no_image.png,,,,,,,,,,
"MICROFONO GENIUS, DE MESA",A204,,,C01,U001,U001,U001,1,250,0,,Inclusivo,no_image.png,,,,,,,,,,
EXTENCION USB 4 EN 1 BLANCA,A205,,,C01,U001,U001,U001,1,250,0,,Inclusivo,no_image.png,,,,,,,,,,
EXTENCION USB 7 EN 1 NEGRA,A206,,,C01,U001,U001,U001,1,300,0,,Inclusivo,no_image.png,,,,,,,,,,
"TARJETA DE SONIDO USB, PARA LAPTOP GENERICA",A207,,,C01,U001,U001,U001,1,350,0,,Inclusivo,no_image.png,,,,,,,,,,
TONER LASER HP Q2612A ORIGINAL,A208,,,C01,U001,U001,U001,1,2200,0,,Inclusivo,no_image.png,,,,,,,,,,
CARTUCHO HP 60 NEGRO ORIGINAL,A209,,,C01,U001,U001,U001,1,1000,0,,Inclusivo,no_image.png,,,,,,,,,,
CARTUCHO HP 60 COLOR ORIGINAL,A210,,,C01,U001,U001,U001,1,1050,0,,Inclusivo,no_image.png,,,,,,,,,,
"IMPRESORA CANON PIXMAMG2410  COPIA, ESCANER",A211,,,C01,U001,U001,U001,1,2300,0,,Inclusivo,no_image.png,,,,,,,,,,
Monitor hp15 pulg negro,A212,,,C01,U001,U001,U001,1,2000,0,,Inclusivo,no_image.png,,,,,,,,,,
CHEQUEO DE EQUIPO,A213,,,C01,U001,U001,U001,1,400,0,,Inclusivo,no_image.png,,,,,,,,,,
INSTALACION DE WINDOWS,A214,,,C01,U001,U001,U001,1,550,0,,Inclusivo,no_image.png,,,,,,,,,,
MONITOR SAMSWGN 19 PULGADA WITE SCRREN,A215,,,C01,U001,U001,U001,1,3500,0,,Inclusivo,no_image.png,,,,,,,,,,
Sistema de tinta instalado para canon,A216,,,C01,U001,U001,U001,1,1500,0,,Inclusivo,no_image.png,,,,,,,,,,
TARJETA NEXT PCI DE RED INALAMBRICA,A217,,,C01,U001,U001,U001,1,400,0,,Inclusivo,no_image.png,,,,,,,,,,
INSTALACION DE PROGRAMAS,A218,,,C01,U001,U001,U001,1,400,0,,Inclusivo,no_image.png,,,,,,,,,,
TECLADO DELL USB,A219,,,C01,U001,U001,U001,1,350,0,,Inclusivo,no_image.png,,,,,,,,,,
"TECLADO DELL, HP, OTROS PS2",A220,,,C01,U001,U001,U001,1,200,0,,Inclusivo,no_image.png,,,,,,,,,,
AUDIFONO ARGON STEREO 88,A221,,,C01,U001,U001,U001,1,230,0,,Inclusivo,no_image.png,,,,,,,,,,
AUDOFOMO MYO ER-7 GRANDE,A222,,,C01,U001,U001,U001,1,350,0,,Inclusivo,no_image.png,,,,,,,,,,
AUDIFONO MYO ER-4 PEQUENO,A223,,,C01,U001,U001,U001,1,200,0,,Inclusivo,no_image.png,,,,,,,,,,
Tarjeta de expansion USB PCI,A224,,,C01,U001,U001,U001,1,350,0,,Inclusivo,no_image.png,,,,,,,,,,
CONTROL DE JUEGO GENIUS,A225,,,C01,U001,U001,U001,1,500,0,,Inclusivo,no_image.png,,,,,,,,,,
CABLE DE POWER ORIGINALES,A226,,,C01,U001,U001,U001,1,70,0,,Inclusivo,no_image.png,,,,,,,,,,
CARTUCHO CANON 211 DE  COLOR ORIGINAL,A227,,,C01,U001,U001,U001,1,1100,0,,Inclusivo,no_image.png,,,,,,,,,,
TECLADO DELL INSPIRON 6400,A228,,,C01,U001,U001,U001,1,1500,0,,Inclusivo,no_image.png,,,,,,,,,,
PLACA DE ENCEDIDO PARA DELL INSPIRON 6400,A229,,,C01,U001,U001,U001,1,1600,0,,Inclusivo,no_image.png,,,,,,,,,,
TECLADO IBM,A230,,,C01,U001,U001,U001,1,1100,0,,Inclusivo,no_image.png,,,,,,,,,,
COMPLETO DE SISTEMA DE TINTA,A231,,,C01,U001,U001,U001,1,600,0,,Inclusivo,no_image.png,,,,,,,,,,
MANO DE OBRA SISTEMA DE TINTA,A232,,,C01,U001,U001,U001,1,400,0,,Inclusivo,no_image.png,,,,,,,,,,
TECLADO DELL INSPIRON 6000,A233,,,C01,U001,U001,U001,1,1100,0,,Inclusivo,no_image.png,,,,,,,,,,
TONER HP 85A,A234,,,C01,U001,U001,U001,1,2250,0,,Inclusivo,no_image.png,,,,,,,,,,
CLABE CARGADORE TOSHIBA,A235,,,C01,U001,U001,U001,1,175,0,,Inclusivo,no_image.png,,,,,,,,,,
CHEQUEO DE DISCO,A236,,,C01,U001,U001,U001,1,350,0,,Inclusivo,no_image.png,,,,,,,,,,
BACKUP DE  DATOS,A237,,,C01,U001,U001,U001,1,500,0,,Inclusivo,no_image.png,,,,,,,,,,
BACKUP DE DATOS,A238,,,C01,U001,U001,U001,1,1000,0,,Inclusivo,no_image.png,,,,,,,,,,
MotherBoard HP pavilion dv5000,A239,,,C01,U001,U001,U001,1,3500,0,,Inclusivo,no_image.png,,,,,,,,,,
MANTENIMIENTO DE EQUIPO,A240,,,C01,U001,U001,U001,1,700,0,,Inclusivo,no_image.png,,,,,,,,,,
LAPTOP DELL 610,A241,,,C01,U001,U001,U001,1,6500,0,,Inclusivo,no_image.png,,,,,,,,,,
MEMORIA DDR2 DE 512,A242,,,C01,U001,U001,U001,1,500,0,,Inclusivo,no_image.png,,,,,,,,,,
POWER SUPLAY,A243,,,C01,U001,U001,U001,1,500,0,,Inclusivo,no_image.png,,,,,,,,,,
IMPRESORA,A244,,,C01,U001,U001,U001,1,600,0,,Inclusivo,no_image.png,,,,,,,,,,
CHEQUEO DE CD-ROOM,A245,,,C01,U001,U001,U001,1,300,0,,Inclusivo,no_image.png,,,,,,,,,,
MONITOR ACER,A246,,,C01,U001,U001,U001,1,1700,0,,Inclusivo,no_image.png,,,,,,,,,,
ADACTADOR USB A RJ45,A247,,,C01,U001,U001,U001,1,500,0,,Inclusivo,no_image.png,,,,,,,,,,
MANO DE OBRA,A248,,,C01,U001,U001,U001,1,800,0,,Inclusivo,no_image.png,,,,,,,,,,
TECLADO ACER,A250,,,C01,U001,U001,U001,1,1100,0,,Inclusivo,no_image.png,,,,,,,,,,
CAPACITORES INSTALADO EN LA CPU,A251,,,C01,U001,U001,U001,1,150,0,,Inclusivo,no_image.png,,,,,,,,,,
ROUTER THOMSON TG584 4 PORT,A252,,,C01,U001,U001,U001,1,1100,0,,Inclusivo,no_image.png,,,,,,,,,,
JACK,A253,,,C01,U001,U001,U001,1,350,0,,Inclusivo,no_image.png,,,,,,,,,,
MEMORIA RAM 512 MB,A254,,,C01,U001,U001,U001,1,650,0,,Inclusivo,no_image.png,,,,,,,,,,
MEMORIA RAM 1 GB DDR1,A255,,,C01,U001,U001,U001,1,1100,0,,Inclusivo,no_image.png,,,,,,,,,,
CARGADOR ACER,A256,,,C01,U001,U001,U001,1,1200,0,,Inclusivo,no_image.png,,,,,,,,,,
CARGADOR LENOVO,A257,,,C01,U001,U001,U001,1,1200,0,,Inclusivo,no_image.png,,,,,,,,,,
CABLE PARA CARGADOR ACER,A258,,,C01,U001,U001,U001,1,200,0,,Inclusivo,no_image.png,,,,,,,,,,
EXTENCION USB XTECH,A259,,,C01,U001,U001,U001,1,100,0,,Inclusivo,no_image.png,,,,,,,,,,
EXTENCION USB MYO,A260,,,C01,U001,U001,U001,1,70,0,,Inclusivo,no_image.png,,,,,,,,,,
"REGLETA OMEGA, 6 SALIDAS",A261,,,C01,U001,U001,U001,1,250,0,,Inclusivo,no_image.png,,,,,,,,,,
"MEMORIA KINDSTON 8GB, SDHC",A262,,,C01,U001,U001,U001,1,400,0,,Inclusivo,no_image.png,,,,,,,,,,
EXTENCION RLP USB 4 EN 1 NEGRA,A263,,,C01,U001,U001,U001,1,330,0,,Inclusivo,no_image.png,,,,,,,,,,
CPU GXP. CORE DUO,A264,,,C01,U001,U001,U001,1,10000,0,,Inclusivo,no_image.png,,,,,,,,,,
CARTUCHO HP 22 NEGRO,A265,,,C01,U001,U001,U001,1,850,0,,Inclusivo,no_image.png,,,,,,,,,,
BOCINA OMEGA,A266,,,C01,U001,U001,U001,1,250,0,,Inclusivo,no_image.png,,,,,,,,,,
AUDIFONO GENIUS,A267,,,C01,U001,U001,U001,1,250,0,,Inclusivo,no_image.png,,,,,,,,,,
ROUTER NEXXT,A268,,,C01,U001,U001,U001,1,1200,0,,Inclusivo,no_image.png,,,,,,,,,,
TARJETA DE RED D-LINK,A269,,,C01,U001,U001,U001,1,380,0,,Inclusivo,no_image.png,,,,,,,,,,
BOCINA MYO  5.1,A270,,,C01,U001,U001,U001,1,4700,0,,Inclusivo,no_image.png,,,,,,,,,,
UPS FORZART,A271,,,C01,U001,U001,U001,1,1750,0,,Inclusivo,no_image.png,,,,,,,,,,
DISCO DURO MASTHER 500 SATA,A272,,,C01,U001,U001,U001,1,4000,0,,Inclusivo,no_image.png,,,,,,,,,,
TARJETA DE VIDEO 1GB GEFORCE DDR3,A273,,,C01,U001,U001,U001,1,2500,0,,Inclusivo,no_image.png,,,,,,,,,,
MINI DELL AZUL,A274,,,C01,U001,U001,U001,1,5000,0,,Inclusivo,no_image.png,,,,,,,,,,
CABLE VJA,A275,,,C01,U001,U001,U001,1,100,0,,Inclusivo,no_image.png,,,,,,,,,,
LIMPIEZA DEL CPU,A276,,,C01,U001,U001,U001,1,150,0,,Inclusivo,no_image.png,,,,,,,,,,
DISCO DE UN TERA,A277,,,C01,U001,U001,U001,1,4000,0,,Inclusivo,no_image.png,,,,,,,,,,
DELL 620,A278,,,C01,U001,U001,U001,1,7000,0,,Inclusivo,no_image.png,,,,,,,,,,
"MINI LAPTOP ACER, 250GB, IGB.",A279,,,C01,U001,U001,U001,1,9000,0,,Inclusivo,no_image.png,,,,,,,,,,
CABLE PARA CARGADOR TOSHIBA,A280,,,C01,U001,U001,U001,1,200,0,,Inclusivo,no_image.png,,,,,,,,,,
BOTELLA DE TINTA EPSON AMARILLA,A281,,,C01,U001,U001,U001,1,450,0,,Inclusivo,no_image.png,,,,,,,,,,
ROUTER LG-NORTEL,A282,,,C01,U001,U001,U001,1,1350,0,,Inclusivo,no_image.png,,,,,,,,,,
BOTELLA DE TINTA EPSON AZUL,A283,,,C01,U001,U001,U001,1,450,0,,Inclusivo,no_image.png,,,,,,,,,,
BOTELLA DE TINTA EPSON ROJA,A284,,,C01,U001,U001,U001,1,450,0,,Inclusivo,no_image.png,,,,,,,,,,
BOTELLA DE TINTA EPSON NEGRA,A285,,,C01,U001,U001,U001,1,450,0,,Inclusivo,no_image.png,,,,,,,,,,
CABLE PRINTE PARALELO,A286,,,C01,U001,U001,U001,1,150,0,,Inclusivo,no_image.png,,,,,,,,,,
EXTENCION USB KINGSTON,A287,,,C01,U001,U001,U001,1,70,0,,Inclusivo,no_image.png,,,,,,,,,,
FUENTE UBIQUITI POE,A288,,,C01,U001,U001,U001,1,650,0,,Inclusivo,no_image.png,,,,,,,,,,
UPS 500 CENTRAL POWER BLAZER,A289,,,C01,U001,U001,U001,1,1750,0,,Inclusivo,no_image.png,,,,,,,,,,
MEMORIA 32GB KINGSTON,A290,,,C01,U001,U001,U001,1,1200,0,,Inclusivo,no_image.png,,,,,,,,,,
CAMARA UNIVERSAL HD  700TVL,A291,,,C01,U001,U001,U001,1,3900,0,,Inclusivo,no_image.png,,,,,,,,,,
CAMARA SONY 24 LED 480 TVL,A292,,,C01,U001,U001,U001,1,2300,0,,Inclusivo,no_image.png,,,,,,,,,,
CABLE DE RED UTP CATEGORIA 6,A293,,,C01,U001,U001,U001,1,6,0,,Inclusivo,no_image.png,,,,,,,,,,
ROUTER ADSL,A294,,,C01,U001,U001,U001,1,1000,0,,Inclusivo,no_image.png,,,,,,,,,,
CONFIGURACION DE RED,A295,,,C01,U001,U001,U001,1,700,0,,Inclusivo,no_image.png,,,,,,,,,,
CONFIGURACION E ISNSTALACION DE NANO STATION LOCO M2,A296,,,C01,U001,U001,U001,1,1800,0,,Inclusivo,no_image.png,,,,,,,,,,
CONFIGURACION DE CAMARAS,A297,,,C01,U001,U001,U001,1,2000,0,,Inclusivo,no_image.png,,,,,,,,,,
CONFIGURACION DE BIOS,A298,,,C01,U001,U001,U001,1,200,0,,Inclusivo,no_image.png,,,,,,,,,,
MEMORIA DDR2 DE 1GB,A299,,,C01,U001,U001,U001,1,700,0,,Inclusivo,no_image.png,,,,,,,,,,
CHEQUEO Y REPARACION DE RED,A300,,,C01,U001,U001,U001,1,300,0,,Inclusivo,no_image.png,,,,,,,,,,
INSTALACION DE WINDOWS Y CAPACITORES,A301,,,C01,U001,U001,U001,1,500,0,,Inclusivo,no_image.png,,,,,,,,,,
BATERIA HP COMPAQ,A302,,,C01,U001,U001,U001,1,1200,0,,Inclusivo,no_image.png,,,,,,,,,,
ALQUILER DE PROYECTOR,A303,,,C01,U001,U001,U001,1,2000,0,,Inclusivo,no_image.png,,,,,,,,,,
FUENTE 12 VOL 2 AMP,A304,,,C01,U001,U001,U001,1,200,0,,Inclusivo,no_image.png,,,,,,,,,,
"LAPTOP EMACHIN,160GB, 2GB DDR2 15.6 TF20",A305,,,C01,U001,U001,U001,1,11000,0,,Inclusivo,no_image.png,,,,,,,,,,
CABLE DE AUDIO DE STEREO RCA,A306,,,C01,U001,U001,U001,1,100,0,,Inclusivo,no_image.png,,,,,,,,,,
CARTUCHO HP 21 NEGRO,A307,,,C01,U001,U001,U001,1,1150,0,,Inclusivo,no_image.png,,,,,,,,,,
"Cajon Boc. SMT 15 AMP, MICROFONO INALAMBRICO",A308,,,C01,U001,U001,U001,1,13000,0,,Inclusivo,no_image.png,,,,,,,,,,
MICROFONO INALAMBRICO SMT U52,A309,,,C01,U001,U001,U001,1,4000,0,,Inclusivo,no_image.png,,,,,,,,,,
PANTALLA DE MINI ACER,A310,,,C01,U001,U001,U001,1,3300,0,,Inclusivo,no_image.png,,,,,,,,,,
15 PIE DE CABLE,A311,,,C01,U001,U001,U001,1,80,0,,Inclusivo,no_image.png,,,,,,,,,,
LAPTOP DELL 630,A312,,,C01,U001,U001,U001,1,7000,0,,Inclusivo,no_image.png,,,,,,,,,,
5 PIE DE CABLE,A313,,,C01,U001,U001,U001,1,50,0,,Inclusivo,no_image.png,,,,,,,,,,
"HP Compaq 5700, 1.8 dual core, 120 hd, 3gb,",A314,,,C01,U001,U001,U001,1,5500,0,,Inclusivo,no_image.png,,,,,,,,,,
CARGADOR TOSHIBA,A315,,,C01,U001,U001,U001,1,1200,0,,Inclusivo,no_image.png,,,,,,,,,,
LAPTOP DELL 620,A316,,,C01,U001,U001,U001,1,7600,0,,Inclusivo,no_image.png,,,,,,,,,,
BOCINA GENIUS SP-S110,A317,,,C01,U001,U001,U001,1,400,0,,Inclusivo,no_image.png,,,,,,,,,,
BOCINA GENIUS SP-U115,A318,,,C01,U001,U001,U001,1,390,0,,Inclusivo,no_image.png,,,,,,,,,,
MOUSE INLAMBRICO RLIP,A319,,,C01,U001,U001,U001,1,550,0,,Inclusivo,no_image.png,,,,,,,,,,
BOCINA USB KLIPX,A320,,,C01,U001,U001,U001,1,600,0,,Inclusivo,no_image.png,,,,,,,,,,
UPS Omega con regulador 600 w,A321,,,C01,U001,U001,U001,1,2100,0,,Inclusivo,no_image.png,,,,,,,,,,
DISCO DURO DE LAPTOP 320GB,A322,,,C01,U001,U001,U001,1,3050,0,,Inclusivo,no_image.png,,,,,,,,,,
Raque,A323,,,C01,U001,U001,U001,1,450,0,,Inclusivo,no_image.png,,,,,,,,,,
REPARACION DE MONITOR,A324,,,C01,U001,U001,U001,1,900,0,,Inclusivo,no_image.png,,,,,,,,,,
Cambio de pulsador,A325,,,C01,U001,U001,U001,1,100,0,,Inclusivo,no_image.png,,,,,,,,,,
Reparacion de Impresora,A326,,,C01,U001,U001,U001,1,1000,0,,Inclusivo,no_image.png,,,,,,,,,,
Crema Lubricante,A327,,,C01,U001,U001,U001,1,100,0,,Inclusivo,no_image.png,,,,,,,,,,
DESTAPE DEL CARTUCHO DE COLOR,A328,,,C01,U001,U001,U001,1,200,0,,Inclusivo,no_image.png,,,,,,,,,,
"Dell Inspiron 1545, 15.6, 320hd, 3gb ram, cam, otros",A329,,,C01,U001,U001,U001,1,12500,0,,Inclusivo,no_image.png,,,,,,,,,,
MEMORIA DDR2 DE 2GB,A330,,,C01,U001,U001,U001,1,1350,0,,Inclusivo,no_image.png,,,,,,,,,,
CONTROL DE JUEGOS SONY,A331,,,C01,U001,U001,U001,1,300,0,,Inclusivo,no_image.png,,,,,,,,,,
Cover de cartera S2 T989,A332,,,C01,U001,U001,U001,1,400,0,,Inclusivo,no_image.png,,,,,,,,,,
Cover de cartera S5,A333,,,C01,U001,U001,U001,1,400,0,,Inclusivo,no_image.png,,,,,,,,,,
Cover de cartera Note 3,A334,,,C01,U001,U001,U001,1,400,0,,Inclusivo,no_image.png,,,,,,,,,,
Cover de cartera I Phone 4G,A335,,,C01,U001,U001,U001,1,400,0,,Inclusivo,no_image.png,,,,,,,,,,
Cover de cartera I Phone 5G,A336,,,C01,U001,U001,U001,1,400,0,,Inclusivo,no_image.png,,,,,,,,,,
Cover de cartera S4,A337,,,C01,U001,U001,U001,1,400,0,,Inclusivo,no_image.png,,,,,,,,,,
Cover de cartera One X,A338,,,C01,U001,U001,U001,1,400,0,,Inclusivo,no_image.png,,,,,,,,,,
Cover de cartera S2 CDMA,A339,,,C01,U001,U001,U001,1,400,0,,Inclusivo,no_image.png,,,,,,,,,,
Cover de cartera S3,A340,,,C01,U001,U001,U001,1,400,0,,Inclusivo,no_image.png,,,,,,,,,,
Cover de cartera S3,A341,,,C01,U001,U001,U001,1,400,0,,Inclusivo,no_image.png,,,,,,,,,,
Cover de cartera  i997,A342,,,C01,U001,U001,U001,1,400,0,,Inclusivo,no_image.png,,,,,,,,,,
Cover de cartera Sanswng 9500,A343,,,C01,U001,U001,U001,1,400,0,,Inclusivo,no_image.png,,,,,,,,,,
Cover de cartera Sanswng D710,A344,,,C01,U001,U001,U001,1,400,0,,Inclusivo,no_image.png,,,,,,,,,,
CELULAR HTC ONE X,A345,,,C01,U001,U001,U001,1,6500,0,,Inclusivo,no_image.png,,,,,,,,,,
MINI LAPTOP DELL,A346,,,C01,U001,U001,U001,1,6000,0,,Inclusivo,no_image.png,,,,,,,,,,
CONFIGURACION DE INTERNET,A347,,,C01,U001,U001,U001,1,500,0,,Inclusivo,no_image.png,,,,,,,,,,
INSTALACION DE CABLE HDMI,A348,,,C01,U001,U001,U001,1,700,0,,Inclusivo,no_image.png,,,,,,,,,,
PAQUETE DE GRAMPA DE PARED,A349,,,C01,U001,U001,U001,1,100,0,,Inclusivo,no_image.png,,,,,,,,,,
Disco IDE 60gb Laptop,A350,,,C01,U001,U001,U001,1,850,0,,Inclusivo,no_image.png,,,,,,,,,,
TONER CANON 290,A351,,,C01,U001,U001,U001,1,2700,0,,Inclusivo,no_image.png,,,,,,,,,,
CONJUNTO DEL CHAPULIN COLORADO,A352,,,C01,U001,U001,U001,1,6000,0,,Inclusivo,no_image.png,,,,,,,,,,
"DISCO DURO 80GB, SATA,  PARA LAPTOP",A353,,,C01,U001,U001,U001,1,1000,0,,Inclusivo,no_image.png,,,,,,,,,,
MEMORIA DDR 512,A354,,,C01,U001,U001,U001,1,500,0,,Inclusivo,no_image.png,,,,,,,,,,
INSTALACIONDE RED,A355,,,C01,U001,U001,U001,1,1000,0,,Inclusivo,no_image.png,,,,,,,,,,
Extension USB DE 10 Metros,A356,,,C01,U001,U001,U001,1,650,0,,Inclusivo,no_image.png,,,,,,,,,,
REPARACION DE CAMARA,A357,,,C01,U001,U001,U001,1,700,0,,Inclusivo,no_image.png,,,,,,,,,,
BALUD,A358,,,C01,U001,U001,U001,1,300,0,,Inclusivo,no_image.png,,,,,,,,,,
MANTENIMIENTO DICIEMBRE,A359,,,C01,U001,U001,U001,1,2500,0,,Inclusivo,no_image.png,,,,,,,,,,
MANTENIMIENTO ENERO,A360,,,C01,U001,U001,U001,1,2500,0,,Inclusivo,no_image.png,,,,,,,,,,
DISE,A361,,,C01,U001,U001,U001,1,1000,0,,Inclusivo,no_image.png,,,,,,,,,,
Reparacion de equipos,A362,,,C01,U001,U001,U001,1,1000,0,,Inclusivo,no_image.png,,,,,,,,,,
CATUCHO CANON 145 NEGRO,A363,,,C01,U001,U001,U001,1,1100,0,,Inclusivo,no_image.png,,,,,,,,,,
CATUCHO CANON 146 A COLOR,A364,,,C01,U001,U001,U001,1,1100,0,,Inclusivo,no_image.png,,,,,,,,,,
Copia,A365,,,C01,U001,U001,U001,1,2,0,,Inclusivo,no_image.png,,,,,,,,,,
MONITOR LENOVO,A366,,,C01,U001,U001,U001,1,2000,0,,Inclusivo,no_image.png,,,,,,,,,,
AVG INTERNET SECURITY 2015 A UN A,A367,,,C01,U001,U001,U001,1,1300,0,,Inclusivo,no_image.png,,,,,,,,,,
TONER CANON M91A ORIGINAL,A368,,,C01,U001,U001,U001,1,2500,0,,Inclusivo,no_image.png,,,,,,,,,,
MONITOR DELL DE 19 PULG,A369,,,C01,U001,U001,U001,1,2800,0,,Inclusivo,no_image.png,,,,,,,,,,
DVR 8 port CLICK CAM,A370,,,C01,U001,U001,U001,1,4600,0,,Inclusivo,no_image.png,,,,,,,,,,
Configuracion de DVR Mob,A371,,,C01,U001,U001,U001,1,2000,0,,Inclusivo,no_image.png,,,,,,,,,,
CABLE DE RED UTP CAT 5e,A372,,,C01,U001,U001,U001,1,3.5,0,,Inclusivo,no_image.png,,,,,,,,,,
INSTALACION DE CAMARA,A373,,,C01,U001,U001,U001,1,1000,0,,Inclusivo,no_image.png,,,,,,,,,,
LAPTOP DELL 620 SIN BATERIA,A374,,,C01,U001,U001,U001,1,5000,0,,Inclusivo,no_image.png,,,,,,,,,,
MOUSE DELL ORIGINAL,A375,,,C01,U001,U001,U001,1,300,0,,Inclusivo,no_image.png,,,,,,,,,,
IMPRESORA EPSON L210,A376,,,C01,U001,U001,U001,1,11400,0,,Inclusivo,no_image.png,,,,,,,,,,
CARTUCHO PH 21 ORIGINAL NEGRO,A377,,,C01,U001,U001,U001,1,980,0,,Inclusivo,no_image.png,,,,,,,,,,
Impresiones,A378,,,C01,U001,U001,U001,1,10,0,,Inclusivo,no_image.png,,,,,,,,,,
RECETEO DE BIOS,A379,,,C01,U001,U001,U001,1,700,0,,Inclusivo,no_image.png,,,,,,,,,,
INSTALACION DE DRIVE,A380,,,C01,U001,U001,U001,1,300,0,,Inclusivo,no_image.png,,,,,,,,,,
SAMSUNG S3 CDMA,A381,,,C01,U001,U001,U001,1,4000,0,,Inclusivo,no_image.png,,,,,,,,,,
REPARACION DE DISCO,A382,,,C01,U001,U001,U001,1,500,0,,Inclusivo,no_image.png,,,,,,,,,,
REPARACION DE SISTEMA OPERATIVO,A383,,,C01,U001,U001,U001,1,600,0,,Inclusivo,no_image.png,,,,,,,,,,
AIR GRID 2.4 GHZ NANO STATION,A384,,,C01,U001,U001,U001,1,4900,0,,Inclusivo,no_image.png,,,,,,,,,,
Laptop dell  core i5,A385,,,C01,U001,U001,U001,1,16000,0,,Inclusivo,no_image.png,,,,,,,,,,
ROUTER HUAWEI,A386,,,C01,U001,U001,U001,1,1000,0,,Inclusivo,no_image.png,,,,,,,,,,
"IMPRESORA TERMICA  CITIZEN, USB-SERIAL",A387,,,C01,U001,U001,U001,1,7500,0,,Inclusivo,no_image.png,,,,,,,,,,
REPACRACION DE PANTALLA LED,A388,,,C01,U001,U001,U001,1,1500,0,,Inclusivo,no_image.png,,,,,,,,,,
REPARACION DE PANTALLA LED,A389,,,C01,U001,U001,U001,1,1500,0,,Inclusivo,no_image.png,,,,,,,,,,
CABLE POWER,A390,,,C01,U001,U001,U001,1,70,0,,Inclusivo,no_image.png,,,,,,,,,,
MONITOR DELL 17 PULG.,A391,,,C01,U001,U001,U001,1,2000,0,,Inclusivo,no_image.png,,,,,,,,,,
MONITOR DELL 19 PULG.,A392,,,C01,U001,U001,U001,1,2800,0,,Inclusivo,no_image.png,,,,,,,,,,
MONITOR PROVIEW 17 PULGADA,A393,,,C01,U001,U001,U001,1,2500,0,,Inclusivo,no_image.png,,,,,,,,,,
ARREGLO DE VARIOS CPU Y CAMBIO DE WINDWOS,A394,,,C01,U001,U001,U001,1,6000,0,,Inclusivo,no_image.png,,,,,,,,,,
TABLE SANSWNG GALAXY III,A395,,,C01,U001,U001,U001,1,5990,0,,Inclusivo,no_image.png,,,,,,,,,,
REPARACION DE COMPUTADORA,A396,,,C01,U001,U001,U001,1,800,0,,Inclusivo,no_image.png,,,,,,,,,,
CHEQUEO DE PRINTER,A397,,,C01,U001,U001,U001,1,400,0,,Inclusivo,no_image.png,,,,,,,,,,
PANTALLA DE MINI DELL,A398,,,C01,U001,U001,U001,1,3300,0,,Inclusivo,no_image.png,,,,,,,,,,
MOUSE USB AGILER,A399,,,C01,U001,U001,U001,1,175,0,,Inclusivo,no_image.png,,,,,,,,,,
REGLETA ARGOM,A400,,,C01,U001,U001,U001,1,225,0,,Inclusivo,no_image.png,,,,,,,,,,
LAPTOP ACER,A401,,,C01,U001,U001,U001,1,15000,0,,Inclusivo,no_image.png,,,,,,,,,,
RESMA DE PAPEL,A402,,,C01,U001,U001,U001,1,180,0,,Inclusivo,no_image.png,,,,,,,,,,
INSTALACION DE CONECTORES,A403,,,C01,U001,U001,U001,1,350,0,,Inclusivo,no_image.png,,,,,,,,,,
"MINI LAPTOP DELL, 160GB, 1 GB DE RAM, PROC. 1.6",A404,,,C01,U001,U001,U001,1,9000,0,,Inclusivo,no_image.png,,,,,,,,,,
"MINI LAPTOP ASUS, 160GB, 1 GB DE RAM, PROC. 1.6",A405,,,C01,U001,U001,U001,1,8000,0,,Inclusivo,no_image.png,,,,,,,,,,
LAPTOP HP MINI,A406,,,C01,U001,U001,U001,1,3700,0,,Inclusivo,no_image.png,,,,,,,,,,
BACKUP E INSTALACION DE WINDOWS,A407,,,C01,U001,U001,U001,1,700,0,,Inclusivo,no_image.png,,,,,,,,,,
CONFIGURACION DE IMPRESORA EN LA RED,A408,,,C01,U001,U001,U001,1,200,0,,Inclusivo,no_image.png,,,,,,,,,,
TAPA,A409,,,C01,U001,U001,U001,1,50,0,,Inclusivo,no_image.png,,,,,,,,,,
CD EN BLANCO,A410,,,C01,U001,U001,U001,1,15,0,,Inclusivo,no_image.png,,,,,,,,,,
CPU GX P.  CORE  DUO,A411,,,C01,U001,U001,U001,1,4500,0,,Inclusivo,no_image.png,,,,,,,,,,
"Mini laptop Dell 2100, 80gb, 2 gb rojo",A412,,,C01,U001,U001,U001,1,6500,0,,Inclusivo,no_image.png,,,,,,,,,,
cable de red engomado c5e,A413,,,C01,U001,U001,U001,1,4.5,0,,Inclusivo,no_image.png,,,,,,,,,,
"CPU DELL GX745,1GB,160GB,2.8-2.0",A414,,,C01,U001,U001,U001,1,5000,0,,Inclusivo,no_image.png,,,,,,,,,,
Auricular Bass de zipper,A415,,,C01,U001,U001,U001,1,250,0,,Inclusivo,no_image.png,,,,,,,,,,
Audifono Generico Samsung Blanco,A416,,,C01,U001,U001,U001,1,200,0,,Inclusivo,no_image.png,,,,,,,,,,
Fuente mas Cable Samsug,A417,,,C01,U001,U001,U001,1,350,0,,Inclusivo,no_image.png,,,,,,,,,,
Cable de de Iphone semi-original,A418,,,C01,U001,U001,U001,1,250,0,,Inclusivo,no_image.png,,,,,,,,,,
Bateria D6 20,A419,,,C01,U001,U001,U001,1,2500,0,,Inclusivo,no_image.png,,,,,,,,,,
"Laptop dell e6420, core i5 a 2.3, 250gb, 4gb",A420,,,C01,U001,U001,U001,1,17000,0,,Inclusivo,no_image.png,,,,,,,,,,
Laptop Thosiba AMD,A421,,,C01,U001,U001,U001,1,12000,0,,Inclusivo,no_image.png,,,,,,,,,,
reparacion de cargador,A422,,,C01,U001,U001,U001,1,350,0,,Inclusivo,no_image.png,,,,,,,,,,
Coreccion de Video,A423,,,C01,U001,U001,U001,1,200,0,,Inclusivo,no_image.png,,,,,,,,,,
Correpcion de Disco,A424,,,C01,U001,U001,U001,1,250,0,,Inclusivo,no_image.png,,,,,,,,,,
Correpcion de Video,A425,,,C01,U001,U001,U001,1,250,0,,Inclusivo,no_image.png,,,,,,,,,,
Laptop Dell 530,A426,,,C01,U001,U001,U001,1,7500,0,,Inclusivo,no_image.png,,,,,,,,,,
"Disco Duro 1TB, WD Original, 7200 RPS.",A427,,,C01,U001,U001,U001,1,4800,0,,Inclusivo,no_image.png,,,,,,,,,,
SamsungS4,A428,,,C01,U001,U001,U001,1,7500,0,,Inclusivo,no_image.png,,,,,,,,,,
Celular  ZTE Touch,A429,,,C01,U001,U001,U001,1,4200,0,,Inclusivo,no_image.png,,,,,,,,,,
Celular S5 Touch,A430,,,C01,U001,U001,U001,1,10900,0,,Inclusivo,no_image.png,,,,,,,,,,
Celurar ZTE Mini,A431,,,C01,U001,U001,U001,1,2900,0,,Inclusivo,no_image.png,,,,,,,,,,
Tapa de S3,A432,,,C01,U001,U001,U001,1,350,0,,Inclusivo,no_image.png,,,,,,,,,,
Table Nun,A433,,,C01,U001,U001,U001,1,3500,0,,Inclusivo,no_image.png,,,,,,,,,,
Auricular Samsung Blanco,A434,,,C01,U001,U001,U001,1,200,0,,Inclusivo,no_image.png,,,,,,,,,,
"Laptop dell 500gb, 4gb, touch, 17 pulg",A435,,,C01,U001,U001,U001,1,17000,0,,Inclusivo,no_image.png,,,,,,,,,,
Bulto para laptop 15.6  tipo estuche,A436,,,C01,U001,U001,U001,1,800,0,,Inclusivo,no_image.png,,,,,,,,,,
Toner Canon M91,A437,,,C01,U001,U001,U001,1,2750,0,,Inclusivo,no_image.png,,,,,,,,,,
Cartucho AP Original 22 Color,A438,,,C01,U001,U001,U001,1,1200,0,,Inclusivo,no_image.png,,,,,,,,,,
Cartucho AP Original 21 Negro,A439,,,C01,U001,U001,U001,1,950,0,,Inclusivo,no_image.png,,,,,,,,,,
"Impresora EPSON L365, tinta continua, wifi.",A440,,,C01,U001,U001,U001,1,14240,0,,Inclusivo,no_image.png,,,,,,,,,,
"Impresora EPSON L565, tinta continua, wifi, alimentador de copias",A441,,,C01,U001,U001,U001,1,19800,0,,Inclusivo,no_image.png,,,,,,,,,,
Bono de Descuento,A442,,,C01,U001,U001,U001,1,1000,0,,Inclusivo,no_image.png,,,,,,,,,,
Bono de Descuento,A443,,,C01,U001,U001,U001,1,500,0,,Inclusivo,no_image.png,,,,,,,,,,
Bono de Descuento,A444,,,C01,U001,U001,U001,1,300,0,,Inclusivo,no_image.png,,,,,,,,,,
Bono de Descuento,A445,,,C01,U001,U001,U001,1,100,0,,Inclusivo,no_image.png,,,,,,,,,,
Cerveza,A446,,,C01,U001,U001,U001,1,100,0,,Inclusivo,no_image.png,,,,,,,,,,
"Table LG, 16 GB",A447,,,C01,U001,U001,U001,1,5500,0,,Inclusivo,no_image.png,,,,,,,,,,
Mouse Paq,A448,,,C01,U001,U001,U001,1,60,0,,Inclusivo,no_image.png,,,,,,,,,,
"CPU, GxP. Core DUO",A449,,,C01,U001,U001,U001,1,8000,0,,Inclusivo,no_image.png,,,,,,,,,,
IMPRESORA TERMICA COGNITIVE USB TPG,A450,,,C01,U001,U001,U001,1,4200,0,,Inclusivo,no_image.png,,,,,,,,,,
CPU DELL 755 INTEL CORE 2DUO 1GB 80GB,A451,,,C01,U001,U001,U001,1,3443,0,,Inclusivo,no_image.png,,,,,,,,,,
CPU DELL 755  INTER CORE 2 DUO 2GB 250GB,A452,,,C01,U001,U001,U001,1,3443,0,,Inclusivo,no_image.png,,,,,,,,,,
MONITOS DELL O HP ORIGINALES 19 PULGADAS,A453,,,C01,U001,U001,U001,1,2000,0,,Inclusivo,no_image.png,,,,,,,,,,
"COMBO MOUSE, TECLADO Y CABLES",A454,,,C01,U001,U001,U001,1,550,0,,Inclusivo,no_image.png,,,,,,,,,,
LECTOR CODIGO DE BARRA SYMBOL DE MESA,A455,,,C01,U001,U001,U001,1,4000,0,,Inclusivo,no_image.png,,,,,,,,,,
MONITOR DEL O HP ORIGINALE 19 PULGADAS,A456,,,C01,U001,U001,U001,1,2000,0,,Inclusivo,no_image.png,,,,,,,,,,
EXTENSION USB 6 FT,A457,,,C01,U001,U001,U001,1,130,0,,Inclusivo,no_image.png,,,,,,,,,,
"LAPTOP HP I5, ELITEBOOK 8440P, 250,4G.",A458,,,C01,U001,U001,U001,1,16000,0,,Inclusivo,no_image.png,,,,,,,,,,
"Laptop Dell I5, 320 HD, 4G.",A459,,,C01,U001,U001,U001,1,17000,0,,Inclusivo,no_image.png,,,,,,,,,,
Celurar LG,A460,,,C01,U001,U001,U001,1,4500,0,,Inclusivo,no_image.png,,,,,,,,,,
"Tablet Seven Zell,",A461,,,C01,U001,U001,U001,1,2700,0,,Inclusivo,no_image.png,,,,,,,,,,
"Dell Latitup D610, 1.50GB. 40 Disco",A462,,,C01,U001,U001,U001,1,6500,0,,Inclusivo,no_image.png,,,,,,,,,,
SWITCH CATALYST 1900,A463,,,C01,U001,U001,U001,1,4500,0,,Inclusivo,no_image.png,,,,,,,,,,
Canaleta de 1.5 P  de 6Ft,A464,,,C01,U001,U001,U001,1,170,0,,Inclusivo,no_image.png,,,,,,,,,,
"Computadora Dell GX980, Core I 7 2.8, 8GB, 320 HD.",A465,,,C01,U001,U001,U001,1,13000,0,,Inclusivo,no_image.png,,,,,,,,,,
"Computadora Dell GX790, Care i5, 2.8 GHz, 4GB, 250 HD.",A466,,,C01,U001,U001,U001,1,11700,0,,Inclusivo,no_image.png,,,,,,,,,,
Tablet RCA,A467,,,C01,U001,U001,U001,1,3000,0,,Inclusivo,no_image.png,,,,,,,,,,
Teclado Numerico,A468,,,C01,U001,U001,U001,1,400,0,,Inclusivo,no_image.png,,,,,,,,,,
Servicio de Equipos de Sonido,A469,,,C01,U001,U001,U001,1,500,0,,Inclusivo,no_image.png,,,,,,,,,,
TARJETA DE WIFI USB TP-LINK,A470,,,C01,U001,U001,U001,1,700,0,,Inclusivo,no_image.png,,,,,,,,,,
Cover Tablet Tap3,A471,,,C01,U001,U001,U001,1,650,0,,Inclusivo,no_image.png,,,,,,,,,,
Cristal Tablet Tap3,A472,,,C01,U001,U001,U001,1,450,0,,Inclusivo,no_image.png,,,,,,,,,,
Cargador para Tablet,A473,,,C01,U001,U001,U001,1,600,0,,Inclusivo,no_image.png,,,,,,,,,,
IMPRESORA EPSON L220,A474,,,C01,U001,U001,U001,1,10400,0,,Inclusivo,no_image.png,,,,,,,,,,
Mini Acer Aspire One,A475,,,C01,U001,U001,U001,1,6000,0,,Inclusivo,no_image.png,,,,,,,,,,
Celular Makito,A476,,,C01,U001,U001,U001,1,900,0,,Inclusivo,no_image.png,,,,,,,,,,
"MINI DELL 160, 2GB, WIFI, 12.1",A477,,,C01,U001,U001,U001,1,6500,0,,Inclusivo,no_image.png,,,,,,,,,,
"MINI DELL 160, 2GB, WIFI, CAM, P03T",A478,,,C01,U001,U001,U001,1,6500,0,,Inclusivo,no_image.png,,,,,,,,,,
Fordel en Espiral,A479,,,C01,U001,U001,U001,1,75,0,,Inclusivo,no_image.png,,,,,,,,,,
Empanada,A480,,,C01,U001,U001,U001,1,30,0,,Inclusivo,no_image.png,,,,,,,,,,
"CPU Dell Gx 780, Core 2Duo, 250GB",A481,,,C01,U001,U001,U001,1,9500,0,,Inclusivo,no_image.png,,,,,,,,,,
